Transaction_Cohort,Unique_Customers,Deposit_Count,Total_Deposit_Amount,Average_Deposit_Amount
2024-08,2,13,726.46,55.88153846153846
2024-09,1,31,2774.5,89.5
2024-10,1,27,910.0,33.7037037037037
2024-11,1,15,855.0,57.0
2024-12,1,1,100.0,100.0
2025-02,1,1,1000.0,1000.0
2025-03,5,31,11415.0,368.2258064516129
2025-04,2,2,3972.5,1986.25
